system,facility,carrier,code,code_type,setting,billing_class,hospital_plan,payer_plan,hospital_rate,payer_rate,difference,ratio,relative_difference,is_implausible,hospital_vintage,payer_vintage,notes,payer_min,payer_max,payer_count,inside_payer_range,hospital_slug
White Plains,White Plains Hospital,Cigna,113,MS-DRG,inpatient,,LocalPlus,LocalPlus; NationalOAP; NationalPPO,64529.73,74701.5,10171.769999999997,1.1576292043992744,0.1576292043992745,False,4/1/2026,2026-08-01,hospital billing class unstated; assumed facility because this system publishes no professional rates,67232.06,74701.5,3,False,white-plains-hospital
White Plains,White Plains Hospital,Cigna,114,MS-DRG,inpatient,,LocalPlus,LocalPlus; NationalOAP; NationalPPO,33803.33,42988.87,9185.54,1.27173476695935,0.2717347669593499,False,4/1/2026,2026-08-01,hospital billing class unstated; assumed facility because this system publishes no professional rates,38690.39,42988.87,3,False,white-plains-hospital
White Plains,White Plains Hospital,Cigna,116,MS-DRG,inpatient,,LocalPlus,LocalPlus; NationalOAP; NationalPPO,47712.43,57448.76,9736.330000000002,1.204062756812009,0.20406275681200897,False,4/1/2026,2026-08-01,hospital billing class unstated; assumed facility because this system publishes no professional rates,51704.43,57448.76,3,False,white-plains-hospital
White Plains,White Plains Hospital,Cigna,143,MS-DRG,inpatient,,LocalPlus,LocalPlus; NationalOAP; NationalPPO,94415.41,119040.72,24625.309999999998,1.2608187582937997,0.2608187582937997,False,4/1/2026,2026-08-01,hospital billing class unstated; assumed facility because this system publishes no professional rates,107137.77,119040.72,3,False,white-plains-hospital
White Plains,White Plains Hospital,Cigna,208,MS-DRG,inpatient,,LocalPlus,LocalPlus; NationalOAP; NationalPPO,76754.52,87334.45,10579.929999999993,1.1378411330042841,0.13784113300428422,False,4/1/2026,2026-08-01,hospital billing class unstated; assumed facility because this system publishes no professional rates,78601.83,87334.45,3,False,white-plains-hospital
White Plains,White Plains Hospital,Cigna,218,MS-DRG,inpatient,,LocalPlus,LocalPlus; NationalOAP; NationalPPO,170120.46,208917.01,38796.55000000002,1.228053404040878,0.22805340404087798,False,4/1/2026,2026-08-01,hospital billing class unstated; assumed facility because this system publishes no professional rates,188027.28,208917.01,3,False,white-plains-hospital
White Plains,White Plains Hospital,Cigna,221,MS-DRG,inpatient,,LocalPlus,LocalPlus; NationalOAP; NationalPPO,131321.41,160142.27,28820.859999999986,1.2194680973955425,0.21946809739554263,False,4/1/2026,2026-08-01,hospital billing class unstated; assumed facility because this system publishes no professional rates,144129.56,160142.27,3,False,white-plains-hospital
White Plains,White Plains Hospital,Cigna,234,MS-DRG,inpatient,,LocalPlus,LocalPlus; NationalOAP; NationalPPO,152127.86,173566.37,21438.51000000001,1.1409242856633888,0.14092428566338874,False,4/1/2026,2026-08-01,hospital billing class unstated; assumed facility because this system publishes no professional rates,156211.37,173566.37,3,False,white-plains-hospital
White Plains,White Plains Hospital,Cigna,255,MS-DRG,inpatient,,LocalPlus,LocalPlus; NationalOAP; NationalPPO,74815.71,85704.49,10888.779999999999,1.1455413575571227,0.14554135755712266,False,4/1/2026,2026-08-01,hospital billing class unstated; assumed facility because this system publishes no professional rates,77134.85,85704.49,3,False,white-plains-hospital
White Plains,White Plains Hospital,Cigna,257,MS-DRG,inpatient,,LocalPlus,LocalPlus; NationalOAP; NationalPPO,25504.77,34702.47,9197.7,1.3606266592484464,0.3606266592484465,False,4/1/2026,2026-08-01,hospital billing class unstated; assumed facility because this system publishes no professional rates,31232.55,34702.47,3,False,white-plains-hospital
White Plains,White Plains Hospital,Cigna,258,MS-DRG,inpatient,,LocalPlus,LocalPlus; NationalOAP; NationalPPO,80223.22,99833.94,19610.72,1.244451918035701,0.2444519180357009,False,4/1/2026,2026-08-01,hospital billing class unstated; assumed facility because this system publishes no professional rates,89851.49,99833.94,3,False,white-plains-hospital
White Plains,White Plains Hospital,Cigna,259,MS-DRG,inpatient,,LocalPlus,LocalPlus; NationalOAP; NationalPPO,50260.33,64248.18,13987.849999999999,1.2783079617662678,0.2783079617662677,False,4/1/2026,2026-08-01,hospital billing class unstated; assumed facility because this system publishes no professional rates,57823.97,64248.18,3,False,white-plains-hospital
White Plains,White Plains Hospital,Cigna,263,MS-DRG,inpatient,,LocalPlus,LocalPlus; NationalOAP; NationalPPO,76691.61,97142.77,20451.160000000003,1.266667501177769,0.26666750117776905,False,4/1/2026,2026-08-01,hospital billing class unstated; assumed facility because this system publishes no professional rates,87429.41,97142.77,3,False,white-plains-hospital
White Plains,White Plains Hospital,Cigna,266,MS-DRG,inpatient,,LocalPlus,LocalPlus; NationalOAP; NationalPPO,171301.48,194717.65,23416.169999999984,1.1366956666107029,0.13669566661070284,False,4/1/2026,2026-08-01,hospital billing class unstated; assumed facility because this system publishes no professional rates,175247.73,194717.65,3,False,white-plains-hospital
White Plains,White Plains Hospital,Cigna,268,MS-DRG,inpatient,,LocalPlus,LocalPlus; NationalOAP; NationalPPO,190655.25,218531.52,27876.26999999999,1.1462129681716082,0.14621296817160812,False,4/1/2026,2026-08-01,hospital billing class unstated; assumed facility because this system publishes no professional rates,196680.43,218531.52,3,False,white-plains-hospital
White Plains,White Plains Hospital,Cigna,270,MS-DRG,inpatient,,LocalPlus,LocalPlus; NationalOAP; NationalPPO,146777.55,167643.88,20866.330000000016,1.1421629533944395,0.14216295339443952,False,4/1/2026,2026-08-01,hospital billing class unstated; assumed facility because this system publishes no professional rates,150881.07,167643.88,3,False,white-plains-hospital
White Plains,White Plains Hospital,Cigna,271,MS-DRG,inpatient,,LocalPlus,LocalPlus; NationalOAP; NationalPPO,98496.06,112994.32,14498.26000000001,1.1471963447065803,0.14719634470658025,False,4/1/2026,2026-08-01,hospital billing class unstated; assumed facility because this system publishes no professional rates,101695.95,112994.32,3,False,white-plains-hospital
White Plains,White Plains Hospital,Cigna,272,MS-DRG,inpatient,,LocalPlus,LocalPlus; NationalOAP; NationalPPO,71547.19,81116.47,9569.279999999999,1.1337478103612455,0.13374781036124547,False,4/1/2026,2026-08-01,hospital billing class unstated; assumed facility because this system publishes no professional rates,73005.59,81116.47,3,False,white-plains-hospital
White Plains,White Plains Hospital,Cigna,273,MS-DRG,inpatient,,LocalPlus,LocalPlus; NationalOAP; NationalPPO,111810.36,131079.51,19269.15000000001,1.1723377869456821,0.17233778694568203,False,4/1/2026,2026-08-01,hospital billing class unstated; assumed facility because this system publishes no professional rates,117972.8,131079.51,3,False,white-plains-hospital
White Plains,White Plains Hospital,Cigna,274,MS-DRG,inpatient,,LocalPlus,LocalPlus; NationalOAP; NationalPPO,89242.4,104587.18,15344.779999999999,1.1719449499341121,0.17194494993411202,False,4/1/2026,2026-08-01,hospital billing class unstated; assumed facility because this system publishes no professional rates,94129.45,104587.18,3,False,white-plains-hospital
White Plains,White Plains Hospital,Cigna,278,MS-DRG,inpatient,,LocalPlus,LocalPlus; NationalOAP; NationalPPO,143062.93,176854.87,33791.94,1.2362033267457895,0.23620332674578945,False,4/1/2026,2026-08-01,hospital billing class unstated; assumed facility because this system publishes no professional rates,159171.06,176854.87,3,False,white-plains-hospital
White Plains,White Plains Hospital,Cigna,279,MS-DRG,inpatient,,LocalPlus,LocalPlus; NationalOAP; NationalPPO,91627.3,114586.15,22958.84999999999,1.2505677892942386,0.2505677892942386,False,4/1/2026,2026-08-01,hospital billing class unstated; assumed facility because this system publishes no professional rates,103128.61,114586.15,3,False,white-plains-hospital
White Plains,White Plains Hospital,Cigna,289,MS-DRG,inpatient,,LocalPlus,LocalPlus; NationalOAP; NationalPPO,45084.45,54233.33,9148.880000000005,1.2029276169499685,0.20292761694996844,False,4/1/2026,2026-08-01,hospital billing class unstated; assumed facility because this system publishes no professional rates,48810.51,54233.33,3,False,white-plains-hospital
White Plains,White Plains Hospital,Cigna,317,MS-DRG,inpatient,,LocalPlus,LocalPlus; NationalOAP; NationalPPO,176894.86,212450.16,35555.30000000002,1.2009967954976195,0.20099679549761942,False,4/1/2026,2026-08-01,hospital billing class unstated; assumed facility because this system publishes no professional rates,191207.15,212450.16,3,False,white-plains-hospital
White Plains,White Plains Hospital,Cigna,320,MS-DRG,inpatient,,LocalPlus,LocalPlus; NationalOAP; NationalPPO,66188.3,76423.6,10235.300000000003,1.1546391129550087,0.1546391129550087,False,4/1/2026,2026-08-01,hospital billing class unstated; assumed facility because this system publishes no professional rates,68781.96,76423.6,3,False,white-plains-hospital
White Plains,White Plains Hospital,Cigna,325,MS-DRG,inpatient,,LocalPlus,LocalPlus; NationalOAP; NationalPPO,81841.75,102004.04,20162.289999999994,1.2463570243793662,0.24635702437936619,False,4/1/2026,2026-08-01,hospital billing class unstated; assumed facility because this system publishes no professional rates,91804.6,102004.04,3,False,white-plains-hospital
White Plains,White Plains Hospital,Cigna,332,MS-DRG,inpatient,,LocalPlus,LocalPlus; NationalOAP; NationalPPO,99185.23,115040.5,15855.270000000004,1.1598551518204878,0.15985515182048785,False,4/1/2026,2026-08-01,hospital billing class unstated; assumed facility because this system publishes no professional rates,103537.54,115040.5,3,False,white-plains-hospital
White Plains,White Plains Hospital,Cigna,333,MS-DRG,inpatient,,LocalPlus,LocalPlus; NationalOAP; NationalPPO,60769.36,74418.72,13649.36,1.2246092438689498,0.22460924386894976,False,4/1/2026,2026-08-01,hospital billing class unstated; assumed facility because this system publishes no professional rates,66977.55,74418.72,3,False,white-plains-hospital
White Plains,White Plains Hospital,Cigna,350,MS-DRG,inpatient,,LocalPlus,LocalPlus; NationalOAP; NationalPPO,69196.6,79175.14,9978.539999999994,1.1442056401615108,0.14420564016151072,False,4/1/2026,2026-08-01,hospital billing class unstated; assumed facility because this system publishes no professional rates,71258.37,79175.14,3,False,white-plains-hospital
White Plains,White Plains Hospital,Cigna,356,MS-DRG,inpatient,,LocalPlus,LocalPlus; NationalOAP; NationalPPO,121973.38,139572.43,17599.04999999999,1.1442859909268726,0.14428599092687264,False,4/1/2026,2026-08-01,hospital billing class unstated; assumed facility because this system publishes no professional rates,125616.51,139572.43,3,False,white-plains-hospital
White Plains,White Plains Hospital,Cigna,357,MS-DRG,inpatient,,LocalPlus,LocalPlus; NationalOAP; NationalPPO,64395.33,73888.11,9492.779999999999,1.1474141059607894,0.14741410596078938,False,4/1/2026,2026-08-01,hospital billing class unstated; assumed facility because this system publishes no professional rates,66500.0,73888.11,3,False,white-plains-hospital
White Plains,White Plains Hospital,Cigna,402,MS-DRG,inpatient,,LocalPlus,LocalPlus; NationalOAP; NationalPPO,112359.4,127743.35,15383.950000000012,1.1369173384692337,0.13691733846923365,False,4/1/2026,2026-08-01,hospital billing class unstated; assumed facility because this system publishes no professional rates,114970.22,127743.35,3,False,white-plains-hospital
White Plains,White Plains Hospital,Cigna,406,MS-DRG,inpatient,,LocalPlus,LocalPlus; NationalOAP; NationalPPO,80303.29,92148.05,11844.76000000001,1.1475003078952308,0.14750030789523083,False,4/1/2026,2026-08-01,hospital billing class unstated; assumed facility because this system publishes no professional rates,82934.12,92148.05,3,False,white-plains-hospital
White Plains,White Plains Hospital,Cigna,407,MS-DRG,inpatient,,LocalPlus,LocalPlus; NationalOAP; NationalPPO,61069.62,70523.35,9453.730000000003,1.1548025024553943,0.1548025024553944,False,4/1/2026,2026-08-01,hospital billing class unstated; assumed facility because this system publishes no professional rates,63471.68,70523.35,3,False,white-plains-hospital
White Plains,White Plains Hospital,Cigna,409,MS-DRG,inpatient,,LocalPlus,LocalPlus; NationalOAP; NationalPPO,59945.79,69179.35,9233.560000000005,1.1540318344290734,0.15403183442907342,False,4/1/2026,2026-08-01,hospital billing class unstated; assumed facility because this system publishes no professional rates,62262.07,69179.35,3,False,white-plains-hospital
White Plains,White Plains Hospital,Cigna,411,MS-DRG,inpatient,,LocalPlus,LocalPlus; NationalOAP; NationalPPO,78250.09,104955.75,26705.660000000003,1.3412859972429425,0.3412859972429425,False,4/1/2026,2026-08-01,hospital billing class unstated; assumed facility because this system publishes no professional rates,94461.17,104955.75,3,False,white-plains-hospital
White Plains,White Plains Hospital,Cigna,415,MS-DRG,inpatient,,LocalPlus,LocalPlus; NationalOAP; NationalPPO,56562.89,65665.26,9102.369999999995,1.1609247688723119,0.16092476887231177,False,4/1/2026,2026-08-01,hospital billing class unstated; assumed facility because this system publishes no professional rates,59099.35,65665.26,3,False,white-plains-hospital
White Plains,White Plains Hospital,Cigna,423,MS-DRG,inpatient,,LocalPlus,LocalPlus; NationalOAP; NationalPPO,116302.79,131953.27,15650.479999999996,1.13456667720525,0.13456667720525017,False,4/1/2026,2026-08-01,hospital billing class unstated; assumed facility because this system publishes no professional rates,118759.19,131953.27,3,False,white-plains-hospital
White Plains,White Plains Hospital,Cigna,426,MS-DRG,inpatient,,LocalPlus,LocalPlus; NationalOAP; NationalPPO,299731.83,350176.59,50444.76000000001,1.1682996430509232,0.16829964305092324,False,4/1/2026,2026-08-01,hospital billing class unstated; assumed facility because this system publishes no professional rates,315162.24,350176.59,3,False,white-plains-hospital
White Plains,White Plains Hospital,Cigna,428,MS-DRG,inpatient,,LocalPlus,LocalPlus; NationalOAP; NationalPPO,157426.7,178627.81,21201.109999999986,1.1346728985616796,0.13467289856167972,False,4/1/2026,2026-08-01,hospital billing class unstated; assumed facility because this system publishes no professional rates,160766.71,178627.81,3,False,white-plains-hospital
White Plains,White Plains Hospital,Cigna,429,MS-DRG,inpatient,,LocalPlus,LocalPlus; NationalOAP; NationalPPO,238490.64,286262.02,47771.380000000005,1.2003071483224668,0.20030714832246665,False,4/1/2026,2026-08-01,hospital billing class unstated; assumed facility because this system publishes no professional rates,257638.52,286262.02,3,False,white-plains-hospital
White Plains,White Plains Hospital,Cigna,430,MS-DRG,inpatient,,LocalPlus,LocalPlus; NationalOAP; NationalPPO,156422.98,183238.07,26815.089999999997,1.1714267941960956,0.17142679419609572,False,4/1/2026,2026-08-01,hospital billing class unstated; assumed facility because this system publishes no professional rates,164915.99,183238.07,3,False,white-plains-hospital
White Plains,White Plains Hospital,Cigna,448,MS-DRG,inpatient,,LocalPlus,LocalPlus; NationalOAP; NationalPPO,116763.19,134742.94,17979.75,1.153984744678524,0.1539847446785241,False,4/1/2026,2026-08-01,hospital billing class unstated; assumed facility because this system publishes no professional rates,121269.92,134742.94,3,False,white-plains-hospital
White Plains,White Plains Hospital,Cigna,450,MS-DRG,inpatient,,LocalPlus,LocalPlus; NationalOAP; NationalPPO,147260.82,169337.38,22076.559999999998,1.1499146887814424,0.14991468878144232,False,4/1/2026,2026-08-01,hospital billing class unstated; assumed facility because this system publishes no professional rates,152405.24,169337.38,3,False,white-plains-hospital
White Plains,White Plains Hospital,Cigna,451,MS-DRG,inpatient,,LocalPlus,LocalPlus; NationalOAP; NationalPPO,88241.54,102639.5,14397.960000000006,1.1631653300701688,0.16316533007016884,False,4/1/2026,2026-08-01,hospital billing class unstated; assumed facility because this system publishes no professional rates,92376.52,102639.5,3,False,white-plains-hospital
White Plains,White Plains Hospital,Cigna,457,MS-DRG,inpatient,,LocalPlus,LocalPlus; NationalOAP; NationalPPO,164112.44,189465.58,25353.139999999985,1.1544863996903585,0.15448639969035854,False,4/1/2026,2026-08-01,hospital billing class unstated; assumed facility because this system publishes no professional rates,170520.81,189465.58,3,False,white-plains-hospital
White Plains,White Plains Hospital,Cigna,463,MS-DRG,inpatient,,LocalPlus,LocalPlus; NationalOAP; NationalPPO,154438.42,181090.21,26651.78999999998,1.1725722783229715,0.17257227832297156,False,4/1/2026,2026-08-01,hospital billing class unstated; assumed facility because this system publishes no professional rates,162982.9,181090.21,3,False,white-plains-hospital
White Plains,White Plains Hospital,Cigna,464,MS-DRG,inpatient,,LocalPlus,LocalPlus; NationalOAP; NationalPPO,84318.17,98963.36,14645.190000000002,1.1736896092502958,0.17368960925029567,False,4/1/2026,2026-08-01,hospital billing class unstated; assumed facility because this system publishes no professional rates,89067.96,98963.36,3,False,white-plains-hospital
White Plains,White Plains Hospital,Cigna,466,MS-DRG,inpatient,,LocalPlus,LocalPlus; NationalOAP; NationalPPO,145676.6,165391.17,19714.570000000007,1.1353310689568539,0.1353310689568538,False,4/1/2026,2026-08-01,hospital billing class unstated; assumed facility because this system publishes no professional rates,148853.62,165391.17,3,False,white-plains-hospital
White Plains,White Plains Hospital,Cigna,467,MS-DRG,inpatient,,LocalPlus,LocalPlus; NationalOAP; NationalPPO,97938.44,112050.66,14112.220000000001,1.1440927586757559,0.1440927586757559,False,4/1/2026,2026-08-01,hospital billing class unstated; assumed facility because this system publishes no professional rates,100846.65,112050.66,3,False,white-plains-hospital
White Plains,White Plains Hospital,Cigna,468,MS-DRG,inpatient,,LocalPlus,LocalPlus; NationalOAP; NationalPPO,75013.03,87312.2,12299.169999999998,1.1639604479381782,0.16396044793817818,False,4/1/2026,2026-08-01,hospital billing class unstated; assumed facility because this system publishes no professional rates,78581.81,87312.2,3,False,white-plains-hospital
White Plains,White Plains Hospital,Cigna,473,MS-DRG,inpatient,,LocalPlus,LocalPlus; NationalOAP; NationalPPO,67692.45,77567.42,9874.970000000001,1.1458799319569613,0.14587993195696125,False,4/1/2026,2026-08-01,hospital billing class unstated; assumed facility because this system publishes no professional rates,69811.41,77567.42,3,False,white-plains-hospital
White Plains,White Plains Hospital,Cigna,475,MS-DRG,inpatient,,LocalPlus,LocalPlus; NationalOAP; NationalPPO,61684.43,72305.82,10621.390000000007,1.1721891569720269,0.1721891569720269,False,4/1/2026,2026-08-01,hospital billing class unstated; assumed facility because this system publishes no professional rates,65075.92,72305.82,3,False,white-plains-hospital
White Plains,White Plains Hospital,Cigna,478,MS-DRG,inpatient,,LocalPlus,LocalPlus; NationalOAP; NationalPPO,66868.89,78136.16,11267.270000000004,1.168497936783458,0.16849793678345795,False,4/1/2026,2026-08-01,hospital billing class unstated; assumed facility because this system publishes no professional rates,70323.28,78136.16,3,False,white-plains-hospital
White Plains,White Plains Hospital,Cigna,483,MS-DRG,inpatient,,LocalPlus,LocalPlus; NationalOAP; NationalPPO,72865.47,88071.58,15206.11,1.2086874619761596,0.20868746197615964,False,4/1/2026,2026-08-01,hospital billing class unstated; assumed facility because this system publishes no professional rates,79265.25,88071.58,3,False,white-plains-hospital
White Plains,White Plains Hospital,Cigna,492,MS-DRG,inpatient,,LocalPlus,LocalPlus; NationalOAP; NationalPPO,101544.4,116657.75,15113.350000000006,1.1488348938986297,0.14883489389862964,False,4/1/2026,2026-08-01,hospital billing class unstated; assumed facility because this system publishes no professional rates,104993.07,116657.75,3,False,white-plains-hospital
White Plains,White Plains Hospital,Cigna,493,MS-DRG,inpatient,,LocalPlus,LocalPlus; NationalOAP; NationalPPO,68659.0,80579.51,11920.509999999995,1.1736190448448127,0.1736190448448127,False,4/1/2026,2026-08-01,hospital billing class unstated; assumed facility because this system publishes no professional rates,72522.32,80579.51,3,False,white-plains-hospital
White Plains,White Plains Hospital,Cigna,494,MS-DRG,inpatient,,LocalPlus,LocalPlus; NationalOAP; NationalPPO,53917.76,63752.52,9834.759999999995,1.182402978165265,0.18240297816526493,False,4/1/2026,2026-08-01,hospital billing class unstated; assumed facility because this system publishes no professional rates,57377.87,63752.52,3,False,white-plains-hospital
White Plains,White Plains Hospital,Cigna,495,MS-DRG,inpatient,,LocalPlus,LocalPlus; NationalOAP; NationalPPO,100666.5,115199.37,14532.869999999995,1.1443664972955252,0.14436649729552528,False,4/1/2026,2026-08-01,hospital billing class unstated; assumed facility because this system publishes no professional rates,103680.52,115199.37,3,False,white-plains-hospital
White Plains,White Plains Hospital,Cigna,498,MS-DRG,inpatient,,LocalPlus,LocalPlus; NationalOAP; NationalPPO,72196.32,95852.79,23656.469999999987,1.3276686401744575,0.3276686401744574,False,4/1/2026,2026-08-01,hospital billing class unstated; assumed facility because this system publishes no professional rates,86268.41,95852.79,3,False,white-plains-hospital
White Plains,White Plains Hospital,Cigna,499,MS-DRG,inpatient,,LocalPlus,LocalPlus; NationalOAP; NationalPPO,33194.24,64016.24,30822.0,1.9285345891335364,0.9285345891335365,False,4/1/2026,2026-08-01,hospital billing class unstated; assumed facility because this system publishes no professional rates,57615.22,64016.24,3,False,white-plains-hospital
White Plains,White Plains Hospital,Cigna,503,MS-DRG,inpatient,,LocalPlus,LocalPlus; NationalOAP; NationalPPO,75679.31,88681.62,13002.309999999998,1.1718079882070807,0.17180798820708063,False,4/1/2026,2026-08-01,hospital billing class unstated; assumed facility because this system publishes no professional rates,79814.3,88681.62,3,False,white-plains-hospital
White Plains,White Plains Hospital,Cigna,504,MS-DRG,inpatient,,LocalPlus,LocalPlus; NationalOAP; NationalPPO,50203.14,59390.09,9186.949999999997,1.1829955257778697,0.18299552577786962,False,4/1/2026,2026-08-01,hospital billing class unstated; assumed facility because this system publishes no professional rates,53451.64,59390.09,3,False,white-plains-hospital
White Plains,White Plains Hospital,Cigna,508,MS-DRG,inpatient,,LocalPlus,LocalPlus; NationalOAP; NationalPPO,36906.0,48117.03,11211.029999999999,1.3037725573077548,0.3037725573077548,False,4/1/2026,2026-08-01,hospital billing class unstated; assumed facility because this system publishes no professional rates,43305.78,48117.03,3,False,white-plains-hospital
White Plains,White Plains Hospital,Cigna,510,MS-DRG,inpatient,,LocalPlus,LocalPlus; NationalOAP; NationalPPO,81727.37,95970.35,14242.98000000001,1.1742742975823155,0.17427429758231558,False,4/1/2026,2026-08-01,hospital billing class unstated; assumed facility because this system publishes no professional rates,86374.22,95970.35,3,False,white-plains-hospital
White Plains,White Plains Hospital,Cigna,511,MS-DRG,inpatient,,LocalPlus,LocalPlus; NationalOAP; NationalPPO,56088.19,66068.78,9980.589999999997,1.177944590474394,0.17794459047439393,False,4/1/2026,2026-08-01,hospital billing class unstated; assumed facility because this system publishes no professional rates,59462.52,66068.78,3,False,white-plains-hospital
White Plains,White Plains Hospital,Cigna,515,MS-DRG,inpatient,,LocalPlus,LocalPlus; NationalOAP; NationalPPO,88424.55,101257.37,12832.819999999992,1.1451273430286044,0.14512734302860453,False,4/1/2026,2026-08-01,hospital billing class unstated; assumed facility because this system publishes no professional rates,91132.59,101257.37,3,False,white-plains-hospital
White Plains,White Plains Hospital,Cigna,516,MS-DRG,inpatient,,LocalPlus,LocalPlus; NationalOAP; NationalPPO,57523.71,66027.47,8503.760000000002,1.1478305206670432,0.14783052066704325,False,4/1/2026,2026-08-01,hospital billing class unstated; assumed facility because this system publishes no professional rates,59425.35,66027.47,3,False,white-plains-hospital
White Plains,White Plains Hospital,Cigna,518,MS-DRG,inpatient,,LocalPlus,LocalPlus; NationalOAP; NationalPPO,102482.34,118745.23,16262.89,1.1586896825345714,0.15868968253457133,False,4/1/2026,2026-08-01,hospital billing class unstated; assumed facility because this system publishes no professional rates,106871.83,118745.23,3,False,white-plains-hospital
White Plains,White Plains Hospital,Cigna,573,MS-DRG,inpatient,,LocalPlus,LocalPlus; NationalOAP; NationalPPO,176088.45,208157.63,32069.179999999993,1.1821197244907318,0.18211972449073174,False,4/1/2026,2026-08-01,hospital billing class unstated; assumed facility because this system publishes no professional rates,187343.83,208157.63,3,False,white-plains-hospital
White Plains,White Plains Hospital,Cigna,582,MS-DRG,inpatient,,LocalPlus,LocalPlus; NationalOAP; NationalPPO,50074.46,61213.86,11139.400000000001,1.222456717456364,0.22245671745636403,False,4/1/2026,2026-08-01,hospital billing class unstated; assumed facility because this system publishes no professional rates,55093.05,61213.86,3,False,white-plains-hospital
White Plains,White Plains Hospital,Cigna,584,MS-DRG,inpatient,,LocalPlus,LocalPlus; NationalOAP; NationalPPO,58544.59,68016.46,9471.87000000001,1.1617889885299395,0.1617889885299395,False,4/1/2026,2026-08-01,hospital billing class unstated; assumed facility because this system publishes no professional rates,61215.46,68016.46,3,False,white-plains-hospital
White Plains,White Plains Hospital,Cigna,618,MS-DRG,inpatient,,LocalPlus,LocalPlus; NationalOAP; NationalPPO,35602.02,45063.65,9461.630000000005,1.265761043895824,0.26576104389582406,False,4/1/2026,2026-08-01,hospital billing class unstated; assumed facility because this system publishes no professional rates,40557.71,45063.65,3,False,white-plains-hospital
White Plains,White Plains Hospital,Cigna,619,MS-DRG,inpatient,,LocalPlus,LocalPlus; NationalOAP; NationalPPO,77964.13,91741.36,13777.229999999996,1.176712418903411,0.17671241890341102,False,4/1/2026,2026-08-01,hospital billing class unstated; assumed facility because this system publishes no professional rates,82568.09,91741.36,3,False,white-plains-hospital
White Plains,White Plains Hospital,Cigna,624,MS-DRG,inpatient,,LocalPlus,LocalPlus; NationalOAP; NationalPPO,28684.65,39776.62,11091.970000000001,1.3866866076455526,0.3866866076455526,False,4/1/2026,2026-08-01,hospital billing class unstated; assumed facility because this system publishes no professional rates,35799.33,39776.62,3,False,white-plains-hospital
White Plains,White Plains Hospital,Cigna,625,MS-DRG,inpatient,,LocalPlus,LocalPlus; NationalOAP; NationalPPO,81981.87,95957.64,13975.770000000004,1.1704739108781004,0.1704739108781003,False,4/1/2026,2026-08-01,hospital billing class unstated; assumed facility because this system publishes no professional rates,86362.78,95957.64,3,False,white-plains-hospital
White Plains,White Plains Hospital,Cigna,642,MS-DRG,inpatient,,LocalPlus,LocalPlus; NationalOAP; NationalPPO,35490.5,45184.38,9693.879999999997,1.2731401360927572,0.27314013609275717,False,4/1/2026,2026-08-01,hospital billing class unstated; assumed facility because this system publishes no professional rates,40666.37,45184.38,3,False,white-plains-hospital
White Plains,White Plains Hospital,Cigna,666,MS-DRG,inpatient,,LocalPlus,LocalPlus; NationalOAP; NationalPPO,47103.33,55580.51,8477.18,1.1799698662493714,0.17996986624937134,False,4/1/2026,2026-08-01,hospital billing class unstated; assumed facility because this system publishes no professional rates,50022.98,55580.51,3,False,white-plains-hospital
White Plains,White Plains Hospital,Cigna,709,MS-DRG,inpatient,,LocalPlus,LocalPlus; NationalOAP; NationalPPO,64255.21,73938.95,9683.739999999998,1.1507074679236127,0.1507074679236127,False,4/1/2026,2026-08-01,hospital billing class unstated; assumed facility because this system publishes no professional rates,66545.75,73938.95,3,False,white-plains-hospital
White Plains,White Plains Hospital,Cigna,711,MS-DRG,inpatient,,LocalPlus,LocalPlus; NationalOAP; NationalPPO,54635.52,66208.58,11573.060000000005,1.2118230045216007,0.21182300452160072,False,4/1/2026,2026-08-01,hospital billing class unstated; assumed facility because this system publishes no professional rates,59588.34,66208.58,3,False,white-plains-hospital
White Plains,White Plains Hospital,Cigna,744,MS-DRG,inpatient,,LocalPlus,LocalPlus; NationalOAP; NationalPPO,55873.72,65106.05,9232.330000000002,1.1652356420871923,0.16523564208719235,False,4/1/2026,2026-08-01,hospital billing class unstated; assumed facility because this system publishes no professional rates,58596.06,65106.05,3,False,white-plains-hospital
White Plains,White Plains Hospital,Cigna,750,MS-DRG,inpatient,,LocalPlus,LocalPlus; NationalOAP; NationalPPO,36874.54,46890.59,10016.049999999996,1.2716250833230731,0.27162508332307317,False,4/1/2026,2026-08-01,hospital billing class unstated; assumed facility because this system publishes no professional rates,42201.98,46890.59,3,False,white-plains-hospital
White Plains,White Plains Hospital,Cigna,769,MS-DRG,inpatient,,LocalPlus,LocalPlus; NationalOAP; NationalPPO,39734.14,53690.02,13955.879999999997,1.3512314598982134,0.3512314598982134,False,4/1/2026,2026-08-01,hospital billing class unstated; assumed facility because this system publishes no professional rates,48321.52,53690.02,3,False,white-plains-hospital
White Plains,White Plains Hospital,Cigna,783,MS-DRG,inpatient,,LocalPlus,LocalPlus; NationalOAP; NationalPPO,52673.83,78005.89,25332.059999999998,1.4809230693875877,0.48092306938758766,False,4/1/2026,2026-08-01,hospital billing class unstated; assumed facility because this system publishes no professional rates,70206.04,78005.89,3,False,white-plains-hospital
White Plains,White Plains Hospital,Cigna,801,MS-DRG,inpatient,,LocalPlus,LocalPlus; NationalOAP; NationalPPO,46946.05,60651.48,13705.43,1.2919400034720705,0.2919400034720706,False,4/1/2026,2026-08-01,hospital billing class unstated; assumed facility because this system publishes no professional rates,54586.9,60651.48,3,False,white-plains-hospital
White Plains,White Plains Hospital,Cigna,802,MS-DRG,inpatient,,LocalPlus,LocalPlus; NationalOAP; NationalPPO,102505.22,126586.81,24081.589999999997,1.2349303772042048,0.2349303772042048,False,4/1/2026,2026-08-01,hospital billing class unstated; assumed facility because this system publishes no professional rates,113929.32,126586.81,3,False,white-plains-hospital
White Plains,White Plains Hospital,Cigna,804,MS-DRG,inpatient,,LocalPlus,LocalPlus; NationalOAP; NationalPPO,31612.88,43084.19,11471.310000000001,1.3628682359848265,0.3628682359848265,False,4/1/2026,2026-08-01,hospital billing class unstated; assumed facility because this system publishes no professional rates,38776.18,43084.19,3,False,white-plains-hospital
White Plains,White Plains Hospital,Cigna,824,MS-DRG,inpatient,,LocalPlus,LocalPlus; NationalOAP; NationalPPO,62891.18,71984.91,9093.730000000003,1.1445946792539112,0.14459467925391134,False,4/1/2026,2026-08-01,hospital billing class unstated; assumed facility because this system publishes no professional rates,64787.1,71984.91,3,False,white-plains-hospital
White Plains,White Plains Hospital,Cigna,829,MS-DRG,inpatient,,LocalPlus,LocalPlus; NationalOAP; NationalPPO,88178.63,100402.68,12224.049999999988,1.138628259477381,0.13862825947738117,False,4/1/2026,2026-08-01,hospital billing class unstated; assumed facility because this system publishes no professional rates,90363.36,100402.68,3,False,white-plains-hospital
White Plains,White Plains Hospital,Cigna,843,MS-DRG,inpatient,,LocalPlus,LocalPlus; NationalOAP; NationalPPO,54135.09,63380.78,9245.690000000002,1.170789223773342,0.17078922377334188,False,4/1/2026,2026-08-01,hospital billing class unstated; assumed facility because this system publishes no professional rates,57043.3,63380.78,3,False,white-plains-hospital
White Plains,White Plains Hospital,Cigna,883,MS-DRG,inpatient,,LocalPlus,LocalPlus; NationalOAP; NationalPPO,53085.61,62475.25,9389.64,1.1768773119495095,0.17687731194950948,False,4/1/2026,2026-08-01,hospital billing class unstated; assumed facility because this system publishes no professional rates,56228.31,62475.25,3,False,white-plains-hospital
White Plains,White Plains Hospital,Cigna,886,MS-DRG,inpatient,,LocalPlus,LocalPlus; NationalOAP; NationalPPO,51369.85,65938.51,14568.659999999996,1.2836033198461743,0.2836033198461743,False,4/1/2026,2026-08-01,hospital billing class unstated; assumed facility because this system publishes no professional rates,59345.28,65938.51,3,False,white-plains-hospital
White Plains,White Plains Hospital,Cigna,928,MS-DRG,inpatient,,LocalPlus,LocalPlus; NationalOAP; NationalPPO,190978.39,227898.2,36919.81,1.193319306964521,0.19331930696452093,False,4/1/2026,2026-08-01,hospital billing class unstated; assumed facility because this system publishes no professional rates,205110.53,227898.2,3,False,white-plains-hospital
White Plains,White Plains Hospital,Cigna,934,MS-DRG,inpatient,,LocalPlus,LocalPlus; NationalOAP; NationalPPO,61358.44,70237.39,8878.949999999997,1.1447062539399633,0.14470625393996323,False,4/1/2026,2026-08-01,hospital billing class unstated; assumed facility because this system publishes no professional rates,63214.32,70237.39,3,False,white-plains-hospital
White Plains,White Plains Hospital,Cigna,939,MS-DRG,inpatient,,LocalPlus,LocalPlus; NationalOAP; NationalPPO,90757.98,115288.33,24530.350000000006,1.2702831200077394,0.27028312000773935,False,4/1/2026,2026-08-01,hospital billing class unstated; assumed facility because this system publishes no professional rates,103760.59,115288.33,3,False,white-plains-hospital
White Plains,White Plains Hospital,Cigna,940,MS-DRG,inpatient,,LocalPlus,LocalPlus; NationalOAP; NationalPPO,60374.73,74250.32,13875.590000000004,1.2298244646394279,0.22982446463942785,False,4/1/2026,2026-08-01,hospital billing class unstated; assumed facility because this system publishes no professional rates,66825.99,74250.32,3,False,white-plains-hospital
White Plains,White Plains Hospital,Cigna,941,MS-DRG,inpatient,,LocalPlus,LocalPlus; NationalOAP; NationalPPO,55882.3,64426.11,8543.809999999998,1.1528893764215145,0.15288937642151446,False,4/1/2026,2026-08-01,hospital billing class unstated; assumed facility because this system publishes no professional rates,57984.11,64426.11,3,False,white-plains-hospital
White Plains,White Plains Hospital,Cigna,957,MS-DRG,inpatient,,LocalPlus,LocalPlus; NationalOAP; NationalPPO,213431.97,242107.08,28675.109999999986,1.134352459006024,0.1343524590060242,False,4/1/2026,2026-08-01,hospital billing class unstated; assumed facility because this system publishes no professional rates,217898.66,242107.08,3,False,white-plains-hospital
White Plains,White Plains Hospital,Cigna,958,MS-DRG,inpatient,,LocalPlus,LocalPlus; NationalOAP; NationalPPO,117515.26,133888.24,16372.979999999996,1.13932641599057,0.13932641599057005,False,4/1/2026,2026-08-01,hospital billing class unstated; assumed facility because this system publishes no professional rates,120500.68,133888.24,3,False,white-plains-hospital
White Plains,White Plains Hospital,Cigna,959,MS-DRG,inpatient,,LocalPlus,LocalPlus; NationalOAP; NationalPPO,75599.25,93542.89,17943.64,1.2373520901331694,0.2373520901331693,False,4/1/2026,2026-08-01,hospital billing class unstated; assumed facility because this system publishes no professional rates,84189.48,93542.89,3,False,white-plains-hospital
